regime,horizon,metric,metric_column,mean_standard,mean_va_diff,mean_delta_va_minus_standard,std_delta,median_delta,mean_percentage_improvement,va_wins,n_seeds,comparison_direction
Low,1,CRPS,crps,0.0027049557330157997,0.00269791407101624,-7.041661999560022e-06,1.1005590753949994e-05,-1.6754945349997837e-06,0.2595396140426522,3,5,lower_is_better
Low,1,MAE,median_mae,0.00359160704950846,0.0035852983485484603,-6.308700959999948e-06,2.040801401413122e-05,2.8763512400012403e-08,0.1736608439157314,2,5,lower_is_better
Low,1,RMSE,median_rmse,0.00555047381482338,0.0055475928252278,-2.880989595579857e-06,1.7170925588423828e-05,4.34225777430023e-06,0.05156676247845009,2,5,lower_is_better
Low,1,PICP90,picp,0.8727358937885252,0.8754860123281176,0.002750118539592239,0.01880316779827318,0.00537379484747913,-27.348118007959034,3,5,closer_to_0.90_is_better
Low,1,interval_width,interval_width,0.013649245101634799,0.0136581195293135,8.874427678700128e-06,0.0010801286345900004,0.000335969015877801,-0.47947172670888055,2,5,lower_is_better
Low,6,CRPS,crps,0.00286011478105646,0.0028552500580933597,-4.864722963099973e-06,2.694564704087137e-05,-1.400308915600057e-06,0.16451486042313473,3,5,lower_is_better
Low,6,MAE,median_mae,0.00375728706639724,0.00375264667825684,-4.640388140399968e-06,4.892699178886177e-05,-5.121424557399945e-06,0.11341659004097959,3,5,lower_is_better
Low,6,RMSE,median_rmse,0.00579631768645306,0.0057945164323758005,-1.8012540772598119e-06,3.387709040426678e-05,-6.682997707199885e-06,0.02989807130913975,3,5,lower_is_better
Low,6,PICP90,picp,0.8747465145754119,0.8727186311787072,-0.0020278833967047214,0.007252664141568501,0.0012674271229403677,-9.0377783436284,3,5,closer_to_0.90_is_better
Low,6,interval_width,interval_width,0.01452666849905054,0.014346185977961579,-0.00018048252108896038,0.0003941162322627582,-0.00022928478489039894,1.2228515508163031,3,5,lower_is_better
Low,24,CRPS,crps,0.00304925317885812,0.0030593888798977403,1.013570103962011e-05,4.039403780552487e-05,-6.536380861599765e-06,-0.33087406706333683,3,5,lower_is_better
Low,24,MAE,median_mae,0.0039904586258686404,0.0040183425408401,2.788391497145961e-05,7.831322383547829e-05,-2.9730225059006535e-06,-0.6972044041330673,3,5,lower_is_better
Low,24,RMSE,median_rmse,0.00608783727883634,0.006104931582230499,1.7094303394159933e-05,5.218229539324428e-05,-3.7942861936006086e-06,-0.28031070504385963,3,5,lower_is_better
Low,24,PICP90,picp,0.8951196172248803,0.8876236044657098,-0.0074960127591706446,0.007545899357054931,-0.006858054226475341,-315.9537618892411,1,5,closer_to_0.90_is_better
Low,24,interval_width,interval_width,0.017188306129199922,0.016756477364161002,-0.0004318287650389198,0.0004747985618772875,-0.0004651819000339001,2.490587946910337,4,5,lower_is_better
Medium,1,CRPS,crps,0.00383101831598276,0.00382999865309012,-1.0196628926400185e-06,7.390354122149284e-06,3.6332332474997217e-06,0.02635551262141824,2,5,lower_is_better
Medium,1,MAE,median_mae,0.0051336036943969,0.0051328328410781806,-7.708533187199621e-07,9.076754165482225e-06,-1.3540986520000492e-06,0.01494222610803469,3,5,lower_is_better
Medium,1,RMSE,median_rmse,0.007553111367921301,0.00755504593418854,1.9345662672400066e-06,1.2180362516133359e-05,6.128565849800385e-06,-0.025692735575978908,2,5,lower_is_better
Medium,1,PICP90,picp,0.8406869220607662,0.8447631628609171,0.0040762408001509655,0.017151055262546375,0.010379316852236253,4.235620029860835,3,5,closer_to_0.90_is_better
Medium,1,interval_width,interval_width,0.017494046084117358,0.017780262122543543,0.0002862160384261798,0.000978381685674219,0.0004273858364878015,-1.7443175847531052,1,5,lower_is_better
Medium,6,CRPS,crps,0.00388627137615854,0.0038840596220000197,-2.2117541585200614e-06,1.140050601901267e-05,4.916549344998952e-07,0.05672700102703008,2,5,lower_is_better
Medium,6,MAE,median_mae,0.00513801813591596,0.00513679142288684,-1.2267130291199538e-06,1.8017872582530768e-05,1.2450093812002225e-06,0.02311057752038633,2,5,lower_is_better
Medium,6,RMSE,median_rmse,0.00780249961990284,0.00780201717039664,-4.824495061998835e-07,1.2017633310031831e-05,-1.4065909799999832e-06,0.006133015893487415,3,5,lower_is_better
Medium,6,PICP90,picp,0.8430269862238159,0.8479713153425175,0.004944329118701685,0.008292079911522825,0.00490658614832995,7.962020896292775,4,5,closer_to_0.90_is_better
Medium,6,interval_width,interval_width,0.01811423079828766,0.01837837945238056,0.00026414865409290085,0.0004586835292197698,0.0003358263563821018,-1.4842121638960015,1,5,lower_is_better
Medium,24,CRPS,crps,0.0039000987061847806,0.003912261625486339,1.2162919301560074e-05,1.6923999561847603e-05,6.621932241600379e-06,-0.31221947162600455,0,5,lower_is_better
Medium,24,MAE,median_mae,0.00511663198188954,0.005136633312757199,2.000133086765988e-05,2.9376711708838603e-05,1.3437989538699936e-05,-0.39185658604209694,1,5,lower_is_better
Medium,24,RMSE,median_rmse,0.00796444467316964,0.00797766128506224,1.3216611892599706e-05,2.128006053511141e-05,1.184652622380003e-05,-0.16635216824602034,1,5,lower_is_better
Medium,24,PICP90,picp,0.8718744089275582,0.8722526952903348,0.0003782863627766142,0.004225138623735307,-0.000567429544164888,2.0301720269457193,2,5,closer_to_0.90_is_better
Medium,24,interval_width,interval_width,0.01984457233725334,0.019982357163161657,0.00013778482590831934,0.0004043064131593082,0.00026632825619300055,-0.6873268672527117,1,5,lower_is_better
High,1,CRPS,crps,0.0053492817572418595,0.00535272554502434,3.443787782479897e-06,1.730637257183442e-05,9.743889279200182e-06,-0.06523389629883694,1,5,lower_is_better
High,1,MAE,median_mae,0.0072018240260986,0.00719455310448292,-7.2709216156797984e-06,2.3096506789728923e-05,-1.1116312793499686e-05,0.09976407446919572,3,5,lower_is_better
High,1,RMSE,median_rmse,0.010743263016058921,0.010730101994538641,-1.3161021520280426e-05,2.0629103687513052e-05,-9.204365916001128e-06,0.12189994954742475,3,5,lower_is_better
High,1,PICP90,picp,0.8444659255679072,0.8437892701788303,-0.0006766553890768856,0.013128310349983388,0.002899951667472145,0.4023640273169072,3,5,closer_to_0.90_is_better
High,1,interval_width,interval_width,0.02565244997535892,0.02566240397567098,9.954000312058925e-06,0.001171342374920147,0.0003885227161782995,0.0008483588551107424,2,5,lower_is_better
High,6,CRPS,crps,0.00503168106150036,0.00503720559593328,5.524534432919948e-06,6.193219098423232e-06,5.137755404800021e-06,-0.1098563133021172,1,5,lower_is_better
High,6,MAE,median_mae,0.00673581794632422,0.006739284435722059,3.4664893978398477e-06,1.990000659512439e-05,7.362759022995838e-07,-0.051616223721249174,2,5,lower_is_better
High,6,RMSE,median_rmse,0.00983456475818852,0.00983511925776996,5.544995814399378e-07,1.3361280521662062e-05,1.0531806072001937e-06,-0.005430788117662299,2,5,lower_is_better
High,6,PICP90,picp,0.8628322861285644,0.8663122281295312,0.0034799420009666627,0.00796680759174072,0.005799903334944401,6.980297925337861,4,5,closer_to_0.90_is_better
High,6,interval_width,interval_width,0.026296241480378603,0.02661735471233822,0.0003211132319596202,0.0008982730410511765,0.0002505545199765029,-1.301082367648331,2,5,lower_is_better
High,24,CRPS,crps,0.00462356036901916,0.00464857012261186,2.5009753592700016e-05,9.757800038632566e-06,2.6976817773300202e-05,-0.5413643600025033,0,5,lower_is_better
High,24,MAE,median_mae,0.00612679307963006,0.00614358594400848,1.6792864378420078e-05,1.9197303958917948e-05,2.4966317605800564e-05,-0.2750196464425234,1,5,lower_is_better
High,24,RMSE,median_rmse,0.00893225171025942,0.00894002929647088,7.77758621146006e-06,1.5966781142460875e-05,9.370665515399598e-06,-0.08752448018550373,1,5,lower_is_better
High,24,PICP90,picp,0.9008216529724503,0.9045915901401644,0.0037699371677139435,0.004874162295013592,0.004833252779120389,-555.5448345692471,0,5,closer_to_0.90_is_better
High,24,interval_width,interval_width,0.027766042502946682,0.028345061580926402,0.00057901907797972,0.0003552042025720611,0.0005964922141298012,-2.0857184896758385,0,5,lower_is_better
